{
    "loss": 136.0614776611328,
    "accuracy": 0.48201438784599304
}