{
    "loss": 2.1859536170959473,
    "accuracy": 0.6690647602081299
}