{
    "loss": 5.131124019622803,
    "accuracy": 0.9568345546722412
}